Symbol,Name,Sector
AAIT,iShares MSCI All Country Asia Information Technology Index Fund,ETF
AAL,American Airlines Group,Industrial
AAME,Atlantic American,Financials
AAOI,Applied Optoelectronics,Industrial
AAON,AAON, Inc.,Industrial
AAPL,Apple,Information Technology
AAVL,Avalanche Biotechnologies, Inc.,ETF
AAWW,Atlas Air Worldwide Holdings,Industrial
AAXJ,iShares MSCI All Country Asia ex Japan Index Fund,ETF
ABAX,ABAXIS, Inc.,ETF
ABCB,Ameris Bancorp,Financials
ABCD,Cambium Learning Group, Inc.,ETF
ABCO,The Advisory Board Company,ETF
ABIO,ARCA biopharma,Healthcare
ABMD,Abiomed,Healthcare
ACAD,ACADIA Pharmaceuticals,Healthcare
ACET,Adicet Bio,Healthcare
ACFC,Atlantic Coast Financial Corporation,ETF
ACFN,Acorn Energy, Inc.,ETF
ACGL,Arch Capital Group,Financials
ACHC,Acadia Healthcare Company,Healthcare
ACHN,Achillion Pharmaceuticals, Inc.,ETF
ACIW,ACI Worldwide,Information Technology
ACLS,Axcelis Technologies,Information Technology
ACNB,ACNB Corporation,Financials
ACOR,Acorda Therapeutics,Healthcare
ACRX,AcelRx Pharmaceuticals,Healthcare
ACST,Acasti Pharma,Healthcare
ACTA,Actua Corporation,ETF
ACTG,Acacia Research,Services
ACUR,Acura Pharmaceuticals, Inc.,ETF
ACWI,iShares MSCI ACWI Index Fund,ETF
ACWX,iShares MSCI ACWI ex US Index Fund,ETF
ADBE,Adobe,Information Technology
ADES,Advanced Emissions Solutions,Materials
ADI,Analog Devices,Information Technology
ADMA,ADMA Biologics,Healthcare
ADMP,Adamis Pharmaceuticals,Healthcare
ADP,Automatic Data Processing,Information Technology
ADRA,Adara Acquisition,SPAC
ADRD,BLDRS Developed Markets 100 ADR Index Fund,ETF
ADRE,BLDRS Emerging Markets 50 ADR Index Fund,ETF
ADRU,BLDRS Europe 100 ADR Index Fund,ETF
ADSK,Autodesk,Information Technology
ADTN,ADTRAN,Industrial
ADUS,Addus HomeCare,Healthcare
ADXS,Advaxis,Healthcare
AEHR,Aehr Test Systems,Information Technology
AEIS,Advanced Energy Industries,Information Technology
AERI,Aerie Pharmaceuticals,Healthcare
AEY,ADDvantage Technologies Group,Industrial
AEZS,AEterna Zentaris,Healthcare
AFAM,Almost Family Inc,ETF
AFCB,Athens Bancshares Corporation,ETF
AFMD,Affimed,Healthcare
AFSI,AmTrust Financial Services, Inc.,ETF
AGEN,Agenus,Healthcare
AGIO,Agios Pharmaceuticals,Healthcare
AGNC,AGNC Investment,Real Estate
AGNCP,American Capital Agency Corp.,ETF
AGND,WisdomTree Barclays U.S. Aggregate Bond Negative Duration Fund,ETF
AGRX,Agile Therapeutics,Healthcare
AGTC,Applied Genetic Technologies,Healthcare
AGYS,Agilysys,Information Technology
AGZD,WisdomTree Barclays U.S. Aggregate Bond Zero Duration Fund,ETF
AHGP,Alliance Holdings GP, L.P.,ETF
AHPI,Allied Healthcare Products,Healthcare
AIMC,Altra Industrial Motion,Industrial
AIQ,Alliance HealthCare Services, Inc.,ETF
AIRR,First Trust RBA American Industrial Renaissance ETF,ETF
AIRT,Air T,Industrial
AKAM,Akamai Technologies,Information Technology
AKBA,Akebia Therapeutics,Healthcare
ALCO,Alico,Staples
ALDX,Aldeyra Therapeutics,Healthcare
ALGN,Align Technology,Healthcare
ALGT,Allegiant Travel Company,Industrial
ALIM,Alimera Sciences,Healthcare
ALKS,Alkermes,Healthcare
ALLT,Allot,Information Technology
ALNY,Alnylam Pharmaceuticals,Healthcare
ALOG,Analogic Corporation,ETF
ALOT,AstroNova,Information Technology
ALTR,Altair Engineering,Information Technology
AMAT,Applied Materials,Information Technology
AMBA,Ambarella,Information Technology
AMBC,Ambac Financial Group,Financials
AMCF,Andatee China Marine Fuel Services Corporation,ETF
AMCX,AMC Networks,Communication
AMD,Advanced Micro Devices,Information Technology
AMED,Amedisys,Healthcare
AMGN,Amgen,Healthcare
AMKR,Amkor Technology,Information Technology
AMNB,American National Bankshares,Financials
AMOT,Allied Motion Technologies,Industrial
AMOV,America Movil,Information Technology
AMPH,Amphastar Pharmaceuticals,Healthcare
AMRK,A-Mark Precious Metals,Financials
AMRN,Amarin,Healthcare
AMRS,Amyris,Materials
AMSC,American Superconductor,Industrial
AMSF,AMERISAFE,Financials
AMSWA,American Software,Information Technology
AMTX,Aemetis,Energy
AMWD,American Woodmark,Industrial
AMZN,Amazon.com,Information Technology
ANAC,Arctos NorthStar Acquisition,SPAC
ANCB,Anchor Bancorp,ETF
ANCX,Access National Corporation,ETF
ANDE,The Andersons,Staples
ANGI,Angi Inc.,Information Technology
ANGO,AngioDynamics,Healthcare
ANIK,Anika Therapeutics,Healthcare
ANIP,ANI Pharmaceuticals,Healthcare
ANSS,ANSYS,Information Technology
ANTH,Anthera Pharmaceuticals, Inc.,ETF
ANY,Sphere 3D,Information Technology
AOSL,Alpha & Omega Semiconductor,Information Technology
APDN,Applied DNA Sciences,Industrial
APEI,American Public Education,Discretionary
APOG,Apogee Enterprises,Industrial
APTO,Aptose Biosciences,Healthcare
APWC,Asia Pacific Wire & Cable,Industrial
ARAY,Accuray,Healthcare
ARCB,ArcBest,Industrial
ARCC,Ares Capital,Financials
ARCW,ARC Group Worldwide, Inc.,ETF
ARDX,Ardelyx,Healthcare
ARII,American Railcar Industries, Inc.,ETF
ARIS,Aris Water Solutions,Industrial
ARKR,Ark Restaurants,Discretionary
ARLP,Alliance Resource Partners,Energy
AROW,Arrow Financial,Financials
ARRY,Array Technologies,Energy
ARTNA,Artesian Resources,Utilities
ARTW,Art's-Way Manufacturing Co.,Industrial
ARWR,Arrowhead Pharmaceuticals,Healthcare
ASMB,Assembly Biosciences,Healthcare
ASML,ASML Holding,Information Technology
ASPS,Altisource Portfolio Solutions,Real Estate
ASRV,AmeriServ Financial,Financials
ASTC,Astrotech,Industrial
ASTE,Astec Industries,Industrial
ASTI,Ascent Solar Technologies, Inc.,Information Technology
ASUR,Asure Software,Information Technology
ASYS,Amtech Systems,Information Technology
ATAI,ATAI Life Sciences,Healthcare
ATAX,America First Multifamily Investors LP,Financials
ATEC,Alphatec Holdings,Healthcare
ATHX,Athersys,Healthcare
ATLC,Atlanticus Holdings,Financials
ATLO,Ames National,Financials
ATNI,ATN International,Communication
ATOS,Atossa Therapeutics,Healthcare
ATRA,Atara Biotherapeutics,Healthcare
ATRC,AtriCure,Healthcare
ATRI,Atrion,Healthcare
ATRO,Astronics,Industrial
ATSG,Air Transport Services Group,Industrial
ATVI,Activision Blizzard,Communication
AUBN,Auburn National Bancorporation,Financials
AUDC,AudioCodes,Industrial
AUPH,Aurinia Pharmaceuticals,Healthcare
AVAV,AeroVironment,Industrial
AVEO,AVEO Pharmaceuticals,Healthcare
AVGO,Broadcom,Information Technology
AVHI,Achari Ventures Holdings I,SPAC
AVID,Avid Technology,Information Technology
AVNW,Aviat Networks,Industrial
AWAY,HomeAway, Inc.,ETF
AWRE,Aware,Information Technology
AXAS,Abraxas Petroleum Corporation,Energy
AXDX,Accelerate Diagnostics,Healthcare
AXGN,Axogen,Healthcare
AXTI,AXT Inc.,Information Technology
AZPN,Aspen Technology,Information Technology
BANF,BancFirst,Financials
BANFP,BancFirst Corporation,ETF
BANR,Banner,Financials
BANX,StoneCastle Financial,Financials
BBBY,Bed Bath & Beyond,Discretionary
BBC,BioShares Biotechnology Clinical Trials Fund,ETF
BBGI,Beasley Broadcast Group,Communication
BBLU,Blue Earth, Inc.,ETF
BBOX,Black Box Corporation,ETF
BBP,BioShares Biotechnology Products Fund,ETF
BBRG,Bravo Brio Restaurant Group, Inc.,ETF
BBSI,Barrett Business Services,Services
BCBP,BCB Bancorp,Financials
BCLI,Brainstorm Cell Therapeutics,Healthcare
BCOR,Blucora,Financials
BCOV,Brightcove,Information Technology
BCPC,Balchem,Materials
BCRX,BioCryst Pharmaceuticals,Healthcare
BDMS,Birner Dental Management Services, Inc.,ETF
BDSI,BioDelivery Sciences International,Healthcare
BEAT,HeartBeam,Healthcare
BEBE,bebe stores, inc.,ETF
BECN,Beacon Roofing Supply,Industrial
BELFA,Bel Fuse,Industrial
BELFB,Bel Fuse,Industrial
BFIN,BankFinancial,Financials
BGCP,BGC Partners,Financials
BGFV,Big 5 Sporting Goods,Discretionary
BGMD,BG Medicine, Inc.,ETF
BIB,ProShares Ultra Nasdaq Biotechnology,ETF
BICK,First Trust BICK Index Fund,ETF
BIDU,Baidu,Information Technology
BIIB,Biogen,Healthcare
BIOC,Biocept,Healthcare
BIOL,BIOLASE,Healthcare
BIOS,BioScrip, Inc.,ETF
BIS,ProShares UltraShort Nasdaq Biotechnology,ETF
BJRI,BJ's Restaurants,Discretionary
BKCC,BlackRock Capital Investment,Financials
BKSC,Bank of South Carolina,Financials
BLCM,Bellicum Pharmaceuticals,Healthcare
BLDP,Ballard Power Systems,Industrial
BLDR,Builders FirstSource,Industrial
BLFS,BioLife Solutions,Healthcare
BLIN,Bridgeline Digital,Information Technology
BLKB,Blackbaud,Information Technology
BLMN,Bloomin' Brands,Discretionary
BLRX,BioLineRx,Healthcare
BLUE,Bluebird Bio,Healthcare
BMRC,Bank of Marin Bancorp,Financials
BMRN,BioMarin Pharmaceutical,Healthcare
BNDX,Vanguard Total International Bond ETF,ETF
BNFT,Benefitfocus,Information Technology
BNSO,Bonso Electronics International,Industrial
BOKF,BOK Financial,Financials
BOOM,DMC Global,Energy
BOSC,BOS Better Online Solutions,Industrial
BOTJ,Bank of the James Financial Group,Financials
BPOP,Popular,Financials
BPOPM,Popular, Inc.,ETF
BPTH,Bio-Path Holdings,Healthcare
BRID,Bridgford Foods,Staples
BRKL,Brookline Bancorp,Financials
BRKR,Bruker,Healthcare
BRLI,Brilliant Acquisition,SPAC
BSET,Bassett Furniture Industries,Discretionary
BSF,Bear State Financial, Inc.,ETF
BSPM,Biostar Pharmaceuticals, Inc.,ETF
BSQR,Bsquare,Information Technology
BSRR,Sierra Bancorp,Financials
BUR,Burford Capital,Financials
BUSE,First Busey,Financials
BV,BrightView Holdings,Industrial
BWEN,Broadwind,Industrial
BWFG,Bankwell Financial Group,Financials
BYBK,Bay Bancorp, Inc.,ETF
BYFC,Broadway Financial,Financials
CA,CA Inc.,ETF
CAAS,China Automotive Systems,Industrial
CAC,Camden National,Financials
CACC,Credit Acceptance,Financials
CACG,Chart Acquisition Corp.,ETF
CACH,Cache, Inc.,ETF
CAKE,The Cheesecake Factory,Discretionary
CALA,Calithera Biosciences,Healthcare
CALD,Callidus Software, Inc.,ETF
CALL,magicJack VocalTec Ltd,ETF
CALM,Cal-Maine Foods,Staples
CAMP,CalAmp,Industrial
CAMT,Camtek,Information Technology
CAR,Avis Budget Group,Industrial
CARA,Cara Therapeutics,Healthcare
CARV,Carver Bancorp,Financials
CARZ,First Trust NASDAQ Global Auto Index Fund,ETF
CASH,Meta Financial Group,Financials
CASI,CASI Pharmaceuticals,Healthcare
CASS,Cass Information Systems,Information Technology
CASY,Casey's General Stores,Staples
CATY,Cathay General Bancorp,Financials
CAVM,Cavium, Inc.,ETF
CBAN,Colony Bankcorp,Financials
CBAY,CymaBay Therapeutics,Healthcare
CBFV,CB Financial Services,Financials
CBNK,Capital Bancorp,Financials
CBOE,Cboe Global Markets,Financials
CBRL,Cracker Barrel Old Country Store,Discretionary
CBSH,Commerce Bancshares,Financials
CCBG,Capital City Bank Group,Financials
CCIH,ChinaCache International Holdings Ltd.,ETF
CCLP,CSI Compressco LP,Energy
CCNE,CNB Financial,Financials
CCOI,Cogent Communications Holdings,Communication
CCRN,Cross Country Healthcare,Healthcare
CCUR,Concurrent Computer Corporation,ETF
CCXI,ChemoCentryx,Healthcare
CDC,Compass EMP U S EQ Income 100 Enhanced Volatility Weighted Fund,ETF
CDNA,CareDx,Healthcare
CDNS,Cadence Design Systems,Information Technology
CDTI,Clean Diesel Technologies, Inc.,ETF
CDW,CDW Corporation,Industrial
CDXS,Codexis,Healthcare
CDZI,Cadiz,Utilities
CECE,CECO Environmental,Industrial
CECO,Career Education Corporation,ETF
CEMI,Chembio Diagnostics,Healthcare
CENT,Central Garden & Pet Company,Discretionary
CENTA,Central Garden & Pet Company,Discretionary
CENX,Century Aluminum Company,Materials
CERE,Cerevel Therapeutics Holdings,Healthcare
CERS,Cerus,Healthcare
CEVA,CEVA, Inc.,Information Technology
CFA,Compass EMP US 500 Volatility Weighted Index ETF,ETF
CFBK,CF Bankshares,Financials
CFFI,C&F Financial,Financials
CFFN,Capitol Federal Financial,Financials
CFNB,California First National Bancorp,ETF
CFO,Compass EMP US 500 Enhanced Volatility Weighted Index ETF,ETF
CFRX,ContraFect,Healthcare
CG,The Carlyle Group,Financials
CGEN,Compugen,Healthcare
CGNX,Cognex,Industrial
CGO,Calamos Global Total Return Fund,ETF
CHCI,Comstock Holding Companies,Discretionary
CHCO,City Holding Company,Financials
CHDN,Churchill Downs,Discretionary
CHEF,The Chefs' Warehouse,Staples
CHFN,Charter Financial Corp.,ETF
CHI,Calamos Convertible Opportunities and Income Fund,ETF
CHKP,Check Point Software Technologies,Information Technology
CHMG,Chemung Financial,Financials
CHNR,China Natural Resources,Materials
CHRS,Coherus BioSciences,Healthcare
CHRW,C.H. Robinson Worldwide,Industrial
CHSCM,CHS Inc,ETF
CHSCN,CHS Inc,ETF
CHSCO,CHS Inc,ETF
CHSCP,CHS Inc,ETF
CHTR,Charter Communications,Communication
CHUY,Chuy's Holdings,Discretionary
CHW,Calamos Global Dynamic Income Fund,ETF
CHY,Calamos Convertible and High Income Fund,ETF
CIDM,Cinedigm,Communication
CINF,Cincinnati Financial,Financials
CIZ,Compass EMP Developed 500 Enhanced Volatility Weighted Index ETF,ETF
CIZN,Citizens Holding Company,Financials
CJJD,China Jo-Jo Drugstores,Staples
CLDX,Celldex Therapeutics,Healthcare
CLFD,Clearfield,Industrial
CLIR,ClearSign Technologies,Industrial
CLMT,Calumet Specialty Products Partners,Energy
CLNE,Clean Energy Fuels,Energy
CLRB,Cellectar BioSciences,Healthcare
CLRO,ClearOne,Industrial
CLSN,Celsion,Healthcare
CLVS,Clovis Oncology,Healthcare
CLWT,Euro Tech Holdings Company,Industrial
CMCO,Columbus McKinnon,Industrial
CMCSA,Comcast,Communication
CMCT,CIM Commercial Trust,Real Estate
CME,CME Group,Financials
CMLS,Cumulus Media,Communication
CMPR,Cimpress,Industrial
CMRX,Chimerix,Healthcare
CMTL,Comtech Telecommunications,Industrial
CNCE,Concert Pharmaceuticals,Healthcare
CNET,ZW Data Action Technologies,Communication
CNMD,CONMED,Healthcare
CNOB,ConnectOne Bancorp,Financials
CNSL,Consolidated Communications Holdings,Communication
CNTY,Century Casinos,Discretionary
CNXR,Connecture, Inc.,ETF
COBZ,CoBiz Financial Inc.,ETF
COCO,The Vita Coco Company,Discretionary
COHR,Coherent,Industrial
COHU,Cohu, Inc.,Information Technology
COKE,Coca-Cola Consolidated,Discretionary
COLB,Columbia Banking System,Financials
COLM,Columbia Sportswear Company,Discretionary
COMM,CommScope Holding Company,Industrial
COMT,iShares Commodities Select Strategy ETF,ETF
CONN,Conn's,Discretionary
COOL,Corner Growth Acquisition,SPAC
CORI,Corium International, Inc.,ETF
CORT,Corcept Therapeutics,Healthcare
COST,Costco Wholesale,Staples
COWN,Cowen,Financials
COWNL,Cowen Group, Inc.,ETF
CPHC,Canterbury Park Holding,Discretionary
CPIX,Cumberland Pharmaceuticals,Healthcare
CPLA,Capella Education Company,ETF
CPLP,Capital Product Partners,Energy
CPRT,Copart,Industrial
CPRX,Catalyst Pharmaceuticals,Healthcare
CPSI,Computer Programs & Systems,Healthcare
CPSS,Consumer Portfolio Services,Financials
CRAI,CRA International,Services
CREG,China Recycling Energy,Industrial
CRESY,Cresud SACIF y A.,Real Estate
CRIS,Curis,Healthcare
CRMT,America's Car-Mart,Discretionary
CRNT,Ceragon Networks,Industrial
CROX,Crocs,Discretionary
CRTN,Cartesian, Inc.,ETF
CRTO,Criteo,Communication
CRUS,Cirrus Logic,Information Technology
CRVL,CorVel,Healthcare
CRWS,Crown Crafts,Discretionary
CSBK,Clifton Bancorp Inc.,ETF
CSCO,Cisco Systems,Industrial
CSF,Compass EMP U.S. Discovery 500 Enhanced Volatility Weighted Fund,ETF
CSGP,CoStar Group,Services
CSGS,CSG Systems International,Information Technology
CSII,Cardiovascular Systems,Healthcare
CSIQ,Canadian Solar,Information Technology
CSPI,CSP Inc.,Information Technology
CSQ,Calamos Strategic Total Return Fund,ETF
CSTE,Caesarstone,Industrial
CSWC,Capital Southwest,Financials
CTAS,Cintas,Industrial
CTBI,Community Trust Bancorp,Financials
CTG,Computer Task Group,Information Technology
CTHR,Charles & Colvard,Discretionary
CTIB,Yunhong CTI,Discretionary
CTIC,CTI BioPharma,Healthcare
CTRE,CareTrust REIT,Real Estate
CTRN,Citi Trends,Discretionary
CTSH,Cognizant Technology Solutions,Information Technology
CTSO,CytoSorbents,Healthcare
CTXS,Citrix Systems,Information Technology
CUBA,The Herzfeld Caribbean Basin Fund, Inc.,ETF
CUTR,Cutera,Healthcare
CVBF,CVB Financial,Financials
CVCO,Cavco Industries,Discretionary
CVCY,Central Valley Community Bancorp,Financials
CVGI,Commercial Vehicle Group,Industrial
CVGW,Calavo Growers,Staples
CVLT,Commvault Systems,Information Technology
CVLY,Codorus Valley Bancorp,Financials
CVV,CVD Equipment,Information Technology
CWAY,Coastway Bancorp, Inc.,ETF
CWBC,Community West Bancshares,Financials
CWCO,Consolidated Water Co.,Utilities
CWST,Casella Waste Systems,Industrial
CXDC,China XD Plastics Company Limited,ETF
CYAN,Cyanotech,Discretionary
CYBE,CyberOptics,Information Technology
CYBR,CyberArk Software,Information Technology
CYCC,Cyclacel Pharmaceuticals,Healthcare
CYCCP,Cyclacel Pharmaceuticals, Inc.,ETF
CYRN,Cyren,Information Technology
CYTK,Cytokinetics,Healthcare
CYTR,CytRx Corporation,ETF
CZNC,Citizens & Northern,Financials
CZR,Caesars Entertainment,Discretionary
CZWI,Citizens Community Bancorp,Financials
DAIO,Data I/O,Industrial
DAKT,Daktronics,Industrial
DAVE,Famous Dave's of America, Inc.,ETF
DAX,Recon Capital DAX Germany ETF,ETF
DBVT,DBV Technologies,Healthcare
DCOM,Dime Community Bancshares,Financials
DCTH,Delcath Systems,Healthcare
DENN,Denny's,Discretionary
DERM,Journey Medical,Healthcare
DFVL,Barclays PLC,ETF
DFVS,Barclays PLC,ETF
DGICA,Donegal Group,Financials
DGICB,Donegal Group,Financials
DGII,Digi International,Industrial
DGLD,Credit Suisse AG,ETF
DGLY,Digital Ally,Industrial
DGRE,WisdomTree Emerging Markets Dividend Growth Fund,ETF
DGRS,WisdomTree U.S. SmallCap Dividend Growth Fund,ETF
DGRW,WisdomTree U.S. Dividend Growth Fund,ETF
DHIL,Diamond Hill Investment Group,Financials
DIOD,Diodes,Information Technology
DISH,DISH Network,Communication
DJCO,Daily Journal,Communication
DLBS,Barclays PLC,ETF
DLHC,DLH Holdings,Services
DLTR,Dollar Tree,Discretionary
DMLP,Dorchester Minerals,Energy
DMRC,Digimarc,Information Technology
DORM,Dorman Products,Industrial
DOX,Amdocs,Information Technology
DRIV,Digital River, Inc.,ETF
DRRX,DURECT,Healthcare
DSGX,The Descartes Systems Group,Information Technology
DSLV,Credit Suisse AG,ETF
DSWL,Deswell Industries,Industrial
DTUL,Barclays PLC,ETF
DTUS,Barclays PLC,ETF
DTYL,Barclays PLC,ETF
DTYS,Barclays PLC,ETF
DVAX,Dynavax Technologies,Healthcare
DWAT,Arrow DWA Tactical ETF,ETF
DWCH,Datawatch Corporation,ETF
DWSN,Dawson Geophysical Company,Energy
DXCM,DexCom,Healthcare
DXGE,WisdomTree Germany Hedged Equity Fund,ETF
DXJS,WisdomTree Japan Hedged SmallCap Equity Fund,ETF
DXLG,Destination XL Group,Discretionary
DXPE,DXP Enterprises,Industrial
DXYN,The Dixie Group,Discretionary
DYNT,Dynatronics,Healthcare
DYSL,Dynasil Corporation of America,ETF
EA,Electronic Arts,Communication
EAC,Edify Acquisition,SPAC
EBAY,eBay Inc.,Information Technology
EBIX,Ebix, Inc.,Information Technology
EBMT,Eagle Bancorp Montana,Financials
EBTC,Enterprise Bancorp,Financials
ECOL,US Ecology,Industrial
ECPG,Encore Capital Group,Financials
ECYT,Endocyte, Inc.,ETF
EDAP,EDAP TMS,Healthcare
EDGW,Edgewater Technology, Inc.,ETF
EDUC,Educational Development,Industrial
EEFT,Euronet Worldwide,Information Technology
EEMA,iShares MSCI Emerging Markets Asia Index Fund,ETF
EFOI,Energy Focus,Industrial
EFSC,Enterprise Financial Services,Financials
EGAN,eGain,Information Technology
EGBN,Eagle Bancorp,Financials
EGHT,8x8, Inc.,Information Technology
EGLE,Eagle Bulk Shipping,Industrial
EGRX,Eagle Pharmaceuticals,Healthcare
EHTH,eHealth,Financials
ELON,Echelon Corporation,ETF
ELSE,Electro-Sensors,Industrial
ELTK,Eltek,Industrial
EMCB,WisdomTree Emerging Markets Corporate Bond Fund,ETF
EMCF,Emclaire Financial,Financials
EMCG,WisdomTree Emerging Markets Consumer Growth Fund,ETF
EMIF,iShares S&P Emerging Markets Infrastructure Index Fund,ETF
EMITF,Elbit Imaging Ltd.,ETF
EMKR,EMCORE,Industrial
EML,The Eastern Company,Industrial
EMMS,Emmis Communications Corporation,ETF
ENG,ENGlobal,Energy
ENPH,Enphase Energy,Information Technology
ENSG,The Ensign Group,Healthcare
ENTA,Enanta Pharmaceuticals,Healthcare
ENTG,Entegris,Information Technology
ENTR,Entropic Communications, Inc.,ETF
ENZN,Enzon Pharmaceuticals, Inc.,ETF
EQIX,Equinix,Real Estate
ERIC,Ericsson,Industrial
ERIE,Erie Indemnity Company,Financials
ERII,Energy Recovery,Industrial
ESCA,Escalade,Discretionary
ESCR,Escalera Resources Co.,ETF
ESEA,Euroseas,Industrial
ESGR,Enstar Group,Financials
ESIO,Electro Scientific Industries, Inc.,ETF
ESLT,Elbit Systems,Industrial
ESMC,Escalon Medical Corp.,ETF
ESPR,Esperion Therapeutics,Healthcare
ESRX,Express Scripts Holding Company,ETF
ESSA,ESSA Bancorp,Financials
EUFN,iShares MSCI Europe Financials Sector Index Fund,ETF
EVK,Ever-Glory International Group,Discretionary
EVLV,Evolv Technologies Holdings,Discretionary
EVOK,Evoke Pharma,Healthcare
EVOL,Evolving Systems,Information Technology
EWBC,East West Bancorp,Financials
EXAC,Exactech, Inc.,ETF
EXAS,Exact Sciences,Healthcare
EXEL,Exelixis,Healthcare
EXLS,ExlService Holdings,Information Technology
EXPD,Expeditors International of Washington,Industrial
EXPE,Expedia Group,Information Technology
EXPO,Exponent,Services
EXTR,Extreme Networks,Industrial
EZPW,EZCORP,Financials
FALC,FalconStor Software, Inc.,ETF
FANG,Diamondback Energy,Energy
FARM,Farmer Brothers Company,Staples
FARO,FARO Technologies,Industrial
FAST,Fastenal Company,Industrial
FATE,Fate Therapeutics,Healthcare
FB,Meta Platforms,Information Technology
FBIZ,First Business Financial Services,Financials
FBMS,The First Bancshares,Financials
FBNC,First Bancorp,Financials
FCAP,First Capital,Financials
FCBC,First Community Bancshares,Financials
FCCO,First Community,Financials
FCEL,FuelCell Energy,Industrial
FCFS,FirstCash Holdings,Financials
FCNCA,First Citizens BancShares,Financials
FDIV,First Trust Strategic Income ETF,ETF
FDUS,Fidus Investment,Financials
FEIM,Frequency Electronics,Industrial
FELE,Franklin Electric Co.,Industrial
FEMB,First Trust Emerging Markets Local Currency Bond ETF,ETF
FEUZ,First Trust Eurozone AlphaDEX ETF,ETF
FFBC,First Financial Bancorp,Financials
FFHL,Fuwei Films (Holdings) Co.,Materials
FFIC,Flushing Financial,Financials
FFIN,First Financial Bankshares,Financials
FFIV,F5 Networks,Industrial
FFKT,Farmers Capital Bank Corporation,ETF
FFNM,First Federal of Northern Michigan Bancorp, Inc.,ETF
FFNW,First Financial Northwest,Financials
FFWM,First Foundation,Financials
FGEN,FibroGen,Healthcare
FIBK,First Interstate BancSystem,Financials
FINL,The Finish Line, Inc.,ETF
FISI,Financial Institutions,Financials
FISV,Fiserv,Information Technology
FITB,Fifth Third Bancorp,Financials
FITBI,Fifth Third Bancorp,ETF
FIVE,Five Below,Discretionary
FIVN,Five9,Information Technology
FIZZ,National Beverage,Discretionary
FLAT,Barclays PLC,ETF
FLEX,Flex Ltd.,Industrial
FLIC,The First of Long Island Corporation,Financials
FLL,Full House Resorts,Discretionary
FLWS,1-800-Flowers.com,Information Technology
FLXS,Flexsteel Industries,Discretionary
FMB,First Trust Managed Municipal ETF,ETF
FMBH,First Mid Bancshares,Financials
FMI,Foundation Medicine, Inc.,ETF
FMNB,Farmers National Banc,Financials
FNHC,FedNat Holding Company,Financials
FNLC,First Bancorp, Inc. - Maine,Financials
FOLD,Amicus Therapeutics,Healthcare
FONE,First Trust NASDAQ CEA Smartphone Index Fund,ETF
FONR,Fonar,Healthcare
FORD,Forward Industries,Discretionary
FORM,FormFactor,Information Technology
FORR,Forrester Research,Services
FORTY,Formula Systems (1985),Information Technology
FOSL,Fossil Group,Discretionary
FOX,Fox Corporation,Communication
FOXA,Fox Corporation,Communication
FOXF,Fox Factory Holding,Industrial
FPXI,First Trust International IPO ETF,ETF
FRBA,First Bank,Financials
FRBK,Republic First Bancorp,Financials
FREE,Whole Earth Brands,Discretionary
FRGI,Fiesta Restaurant Group,Discretionary
FRME,First Merchants,Financials
FRPH,FRP Holdings,Real Estate
FRPT,Freshpet,Staples
FRSH,Freshworks,Information Technology
FSBW,FS Bancorp,Financials
FSFG,First Savings Financial Group,Financials
FSLR,First Solar,Information Technology
FSTR,L.B. Foster Company,Industrial
FTCS,First Trust Capital Strength ETF,ETF
FTEK,Fuel Tech,Industrial
FTGC,First Trust Global Tactical Commodity Strategy Fund,ETF
FTHI,First Trust High Income ETF,ETF
FTLB,First Trust Low Beta Income ETF,ETF
FTNT,Fortinet,Information Technology
FTSL,First Trust Senior Loan Fund ETF,ETF
FTSM,First Trust Enhanced Short Maturity ETF,ETF
FULT,Fulton Financial,Financials
FUNC,First United,Financials
FUND,Royce Focus Trust, Inc.,ETF
FV,First Trust Dorsey Wright Focus 5 ETF,ETF
FWP,Forward Pharma,Healthcare
FWRD,Forward Air,Industrial
GABC,German American Bancorp,Financials
GAI,Global,ETF
GAIA,Gaia, Inc.,Communication
GAIN,Gladstone Investment,Financials
GALT,Galectin Therapeutics,Healthcare
GAME,Engine Gaming & Media,Information Technology
GASS,StealthGas,Energy
GBCI,Glacier Bancorp,Financials
GBDC,Golub Capital BDC,Financials
GBIM,GlobeImmune, Inc.,ETF
GBLI,Global Indemnity Group, LLC,Financials
GBNK,Guaranty Bancorp,ETF
GCBC,Greene County Bancorp,Financials
GENC,Gencor Industries,Industrial
GENE,Genetic Technologies,Healthcare
GEOS,Geospace Technologies,Energy
GERN,Geron,Healthcare
GEVO,Gevo, Inc.,Energy
GGAL,Grupo Financiero Galicia,Financials
GIFI,Gulf Island Fabrication,Energy
GIGA,Giga,ETF
GIGM,GigaMedia,Communication
GIII,G-III Apparel Group,Discretionary
GILD,Gilead Sciences,Healthcare
GILT,Gilat Satellite Networks,Industrial
GK,G&K Services, Inc.,ETF
GLAD,Gladstone Capital,Financials
GLBS,Globus Maritime,Industrial
GLBZ,Glen Burnie Bancorp,Financials
GLDD,Great Lakes Dredge & Dock,Industrial
GLDI,Credit Suisse AG,ETF
GLMD,Galmed Pharmaceuticals,Healthcare
GLNG,Golar LNG,Energy
GLPI,Gaming & Leisure Properties,Real Estate
GLRE,Greenlight Capital Re,Financials
GLRI,Glori Energy Inc,ETF
GLYC,GlycoMimetics,Healthcare
GMAN,Gordmans Stores, Inc.,ETF
GNBC,Green Bancorp, Inc.,ETF
GNCA,Genocea Biosciences,Healthcare
GNCMA,General Communication, Inc.,ETF
GNMA,iShares Core GNMA Bond ETF,ETF
GNTX,Gentex,Industrial
GOGO,Gogo Inc.,Information Technology
GOLD,Barrick Gold,Materials
GOOD,Gladstone Commercial,Real Estate
GOODN,Gladstone Commercial Corporation,ETF
GOODO,Gladstone Commercial Corporation,ETF
GOOG,Alphabet,Information Technology
GOOGL,Alphabet,Information Technology
GPOR,Gulfport Energy,Energy
GPRE,Green Plains,Energy
GPRO,GoPro,Discretionary
GRBK,Green Brick Partners,Discretionary
GRFS,Grifols,Healthcare
GRID,First Trust NASDAQ Clean Edge Smart Grid Infrastructure Index Fund,ETF
GRMN,Garmin,Discretionary
GROW,U.S. Global Investors,Financials
GRPN,Groupon,Information Technology
GRVY,Gravity Co.,Communication
GSBC,Great Southern Bancorp,Financials
GSIG,GSI Group, Inc.,ETF
GSIT,GSI Technology,Information Technology
GSM,Ferroglobe,Materials
GT,The Goodyear Tire & Rubber Company,Industrial
GTIM,Good Times Restaurants,Discretionary
GTLS,Chart Industries,Industrial
GULF,WisdomTree Middle East Dividend Fund,ETF
GULTU,Gulf Coast Ultra Deep Royalty Trust,ETF
GURE,Gulf Resources,Materials
GYRO,Gyrodyne, LLC,Real Estate
HA,Hawaiian Holdings,Industrial
HAFC,Hanmi Financial,Financials
HAIN,The Hain Celestial Group,Staples
HALL,Hallmark Financial Services,Financials
HALO,Halozyme Therapeutics,Healthcare
HART,Harvard Apparatus Regenerative Technology, Inc.,ETF
HAS,Hasbro,Discretionary
HAWK,Blackhawk Network Holdings, Inc.,ETF
HAYN,Haynes International,Materials
HBAN,Huntington Bancshares,Financials
HBANP,Huntington Bancshares Incorporated,ETF
HBCP,Home Bancorp,Financials
HBIO,Harvard Bioscience,Healthcare
HBNC,Horizon Bancorp,Financials
HCCI,Heritage-Crystal Clean,Industrial
HCKT,The Hackett Group,Information Technology
HCOM,Hawaiian Telcom Holdco, Inc.,ETF
HCSG,Healthcare Services Group,Industrial
HDNG,Hardinge, Inc.,ETF
HDP,Hortonworks, Inc.,ETF
HDSN,Hudson Technologies,Industrial
HEAR,Turtle Beach,Discretionary
HEES,H&E Equipment Services,Industrial
HELE,Helen of Troy,Discretionary
HERO,Hercules Offshore, Inc.,ETF
HFBL,Home Federal Bancorp,Financials
HFWA,Heritage Financial,Financials
HIBB,Hibbett,Discretionary
HIFS,Hingham Institution for Savings,Financials
HIHO,Highway Holdings,Industrial
HIMX,Himax Technologies,Information Technology
HLIT,Harmonic,Industrial
HMNF,HMN Financial,Financials
HMNY,Helios and Matheson Analytics Inc,ETF
HMST,HomeStreet,Financials
HMTV,Hemisphere Media Group,Communication
HNNA,Hennessy Advisors,Financials
HNRG,Hallador Energy Company,Energy
HOFT,Hooker Furniture,Discretionary
HOLI,HollySys Automation Technologies,Industrial
HOLX,Hologic,Healthcare
HOMB,Home Bancshares,Financials
HOVNP,Hovnanian Enterprises Inc,ETF
HQY,HealthEquity,Healthcare
HRTX,Heron Therapeutics,Healthcare
HRZN,Horizon Technology Finance,Financials
HSIC,Henry Schein,Healthcare
HSII,Heidrick & Struggles International,Services
HSKA,Heska,Healthcare
HSON,Hudson Global,Services
HSTM,HealthStream,Healthcare
HTBI,HomeTrust Bancshares,Financials
HTBK,Heritage Commerce,Financials
HTHT,Huazhu Group,Discretionary
HTLD,Heartland Express,Industrial
HTLF,Heartland Financial USA,Financials
HUBG,Hub Group,Industrial
HURC,Hurco Companies,Industrial
HURN,Huron Consulting Group,Services
HWBK,Hawthorn Bancshares,Financials
HWKN,Hawkins,Materials
HYLS,First Trust High Yield Long/Short ETF,ETF
HYND,WisdomTree BofA Merrill Lynch High Yield Bond Negative Duration Fund,ETF
HYZD,WisdomTree BofA Merrill Lynch High Yield Bond Zero Duration Fund,ETF
HZNP,Horizon Therapeutics,Healthcare
IART,Integra LifeSciences Holdings,Healthcare
IBB,iShares Nasdaq Biotechnology Index Fund,ETF
IBCP,Independent Bank,Financials
IBKR,Interactive Brokers Group,Financials
IBOC,International Bancshares,Financials
IBTX,Independent Bank Group,Financials
ICAD,iCAD, Inc.,Healthcare
ICCC,ImmuCell,Healthcare
ICFI,ICF International,Services
ICLD,InterCloud Systems, Inc,ETF
ICLN,iShares S&P Global Clean Energy Index Fund,ETF
ICLR,ICON plc,Healthcare
ICPT,Intercept Pharmaceuticals,Healthcare
ICUI,ICU Medical,Healthcare
IDCC,InterDigital,Industrial
IDRA,Idera Pharmaceuticals,Healthcare
IDXX,IDEXX Laboratories,Healthcare
IEP,Icahn Enterprises,Industrial
IESC,IES Holdings,Industrial
IEUS,iShares MSCI Europe Small,ETF
IFEU,iShares FTSE EPRA/NAREIT Europe Index Fund,ETF
IFGL,iShares FTSE EPRA/NAREIT Global Real Estate ex,ETF
IFV,First Trust Dorsey Wright International Focus 5 ETF,ETF
IGLD,Internet Gold Golden Lines Ltd.,ETF
IGOV,iShares S&P/Citigroup International Treasury Bond Fund,ETF
III,Information Services Group,Information Technology
IIIN,Insteel Industries,Industrial
ILMN,Illumina,Healthcare
IMGN,ImmunoGen,Healthcare
IMKTA,Ingles Markets,,Staples
IMMR,Immersion,Information Technology
IMOS,ChipMOS Technologies,Information Technology
INBK,First Internet Bancorp,Financials
INCR,Intercure,Healthcare
INCY,Incyte,Healthcare
INDB,Independent Bank,Financials
INDY,iShares S&P India Nifty 50 Index Fund,ETF
INFA,Informatica,Information Technology
INFI,Infinity Pharmaceuticals,Healthcare
INFN,Infinera,Industrial
INGN,Inogen,Healthcare
INO,Inovio Pharmaceuticals,Healthcare
INOD,Innodata,Information Technology
INSM,Insmed,Healthcare
INTC,Intel,Information Technology
INTG,The InterGroup Corporation,Real Estate
INTU,Intuit,Information Technology
INTX,Intersections, Inc.,ETF
INVE,Identiv,Industrial
IOSP,Innospec,Materials
IPAR,Inter Parfums,Discretionary
IPAS,iPass Inc.,ETF
IPCC,Infinity Property and Casualty Corporation,ETF
IPDN,Professional Diversity Network,Discretionary
IPGP,IPG Photonics,Industrial
IPKW,PowerShares International BuyBack Achievers Portfolio,ETF
IPWR,Ideal Power,Industrial
IPXL,Impax Laboratories, Inc.,ETF
IRBT,iRobot,Discretionary
IRDM,Iridium Communications,Communication
IRIX,IRIDEX,Healthcare
IRMD,IRadimed,Healthcare
IROQ,IF Bancorp,Financials
IRWD,Ironwood Pharmaceuticals,Healthcare
ISBC,Investors Bancorp,Financials
ISHG,iShares S&P/Citigroup 1,ETF
ISIG,Insignia Systems,Communication
ISRG,Intuitive Surgical,Healthcare
ISSC,Innovative Solutions & Support,Industrial
ISTR,Investar Holding,Financials
ITCI,Intra-Cellular Therapies,Healthcare
ITIC,Investors Title Company,Financials
ITRI,Itron,Industrial
ITRN,Ituran Location & Control,Industrial
IVAC,Intevac,Information Technology
JACK,Jack in the Box,Discretionary
JAKK,JAKKS Pacific,Discretionary
JAZZ,Jazz Pharmaceuticals,Healthcare
JBHT,J.B. Hunt Transport Services,Industrial
JBLU,JetBlue Airways,Industrial
JBSS,John B. Sanfilippo & Son,Staples
JCTCF,Jewett-Cameron Trading Company,Industrial
JD,JD.com,Information Technology
JJSF,J & J Snack Foods,Staples
JKHY,Jack Henry & Associates,Information Technology
JMBA,Jamba, Inc.,ETF
JOUT,Johnson Outdoors,Discretionary
JRVR,James River Group Holdings,Financials
JSM,SLM Corporation,ETF
JTPY,JetPay Corporation,ETF
JUNO,Juno Therapeutics, Inc.,ETF
JVA,Coffee Holding Co.,Staples
JXSB,Jacksonville Bancorp Inc.,ETF
JYNT,The Joint,Healthcare
KALU,Kaiser Aluminum,Materials
KANG,iKang Healthcare Group, Inc.,ETF
KBAL,Kimball International,Industrial
KCLI,Kansas City Life Insurance Company,ETF
KE,Kimball Electronics,Industrial
KELYA,Kelly Services,Services
KELYB,Kelly Services,Services
KEQU,Kewaunee Scientific,Healthcare
KERX,Keryx Biopharmaceuticals, Inc.,ETF
KEYW,The KEYW Holding Corporation,ETF
KFFB,Kentucky First Federal Bancorp,Financials
KFRC,Kforce,Services
KGJI,Kingold Jewelry Inc.,ETF
KINS,Kingstone Companies,Financials
KIRK,Kirkland's,Discretionary
KLAC,KLA Corporation,Information Technology
KLIC,Kulicke & Soffa Industries,Information Technology
KLXI,KLX Inc.,ETF
KMDA,Kamada,Healthcare
KNDI,Kandi Technologies Group,Industrial
KOPN,Kopin,Information Technology
KOSS,Koss Corporation,Discretionary
KPTI,Karyopharm Therapeutics,Healthcare
KRNY,Kearny Financial,Financials
KTCC,Key Tronic,Industrial
KTEC,Key Technology, Inc.,ETF
KTOS,Kratos Defense & Security Solutions,Industrial
KTWO,K2M Group Holdings, Inc.,ETF
KVHI,KVH Industries,Industrial
KWEB,KraneShares CSI China Internet ETF,ETF
LAKE,Lakeland Industries,Discretionary
LAMR,Lamar Advertising Company,Real Estate
LANC,Lancaster Colony,Staples
LAND,Gladstone Land,Real Estate
LARK,Landmark Bancorp,Financials
LAYN,Layne Christensen Company,ETF
LBAI,Lakeland Bancorp,Financials
LBRDA,Liberty Broadband,Communication
LBRDK,Liberty Broadband,Communication
LBTYA,Liberty Global,Communication
LBTYB,Liberty Global,Communication
LBTYK,Liberty Global,Communication
LCNB,LCNB Corporation,Financials
LCUT,Lifetime Brands,Discretionary
LDRI,PowerShares LadderRite 0,ETF
LE,Lands' End,Information Technology
LECO,Lincoln Electric Holdings,Industrial
LEDS,SemiLEDs,Information Technology
LFUS,Littelfuse,Industrial
LFVN,LifeVantage,Discretionary
LGCY,Legacy Reserves LP,ETF
LGIH,LGI Homes,Discretionary
LGND,Ligand Pharmaceuticals,Healthcare
LHCG,LHC Group,Healthcare
LIME,Lime Energy Co.,ETF
LINC,Lincoln Educational Services,Discretionary
LION,Lionheart III,SPAC
LIVE,Live Ventures,Discretionary
LKQ,LKQ Corporation,Industrial
LMBS,First Trust Low Duration Mortgage Opportunities ETF,ETF
LMNR,Limoneira Company,Staples
LOAN,Manhattan Bridge Capital,Real Estate
LOCM,Local Corporation,ETF
LOCO,El Pollo Loco Holdings,Discretionary
LOGI,Logitech International,Information Technology
LOPE,Grand Canyon Education,Discretionary
LPCN,Lipocine,Healthcare
LPLA,LPL Financial Holdings,Financials
LPNT,LifePoint Hospitals, Inc.,ETF
LPSN,LivePerson,Information Technology
LPTH,LightPath Technologies,Industrial
LQDT,Liquidity Services,Information Technology
LRCX,Lam Research,Information Technology
LSBK,Lake Shore Bancorp,Financials
LSCC,Lattice Semiconductor,Information Technology
LSTR,Landstar System,Industrial
LTBR,Lightbridge,Services
LTRE,Learning Tree International, Inc.,ETF
LTRPA,Liberty TripAdvisor Holdings,Information Technology
LTRPB,Liberty TripAdvisor Holdings,Information Technology
LTRX,Lantronix,Industrial
LULU,Lululemon Athletica,Discretionary
LUNA,Luna Innovations,Industrial
LVNTB,Liberty Interactive Corporation,ETF
LWAY,Lifeway Foods,Staples
LXRX,Lexicon Pharmaceuticals,Healthcare
LYTS,LSI Industries,Industrial
MACK,Merrimack Pharmaceuticals,Healthcare
MAG,MAG Silver,Materials
MANH,Manhattan Associates,Information Technology
MAR,Marriott International,Discretionary
MARA,Marathon Digital Holdings,Information Technology
MARK,Remark Holdings,Information Technology
MARPS,Marine Petroleum Trust,Energy
MASI,Masimo,Healthcare
MAT,Mattel,Discretionary
MATR,Mattersight Corporation,ETF
MATW,Matthews International,Industrial
MAYS,J.W. Mays,Real Estate
MBCN,Middlefield Banc,Financials
MBFIP,MB Financial Inc.,ETF
MBSD,FlexShares Disciplined Duration MBS Index Fund,ETF
MBUU,Malibu Boats,Discretionary
MBWM,Mercantile Bank,Financials
MCBC,Macatawa Bank,Financials
MCBK,Madison County Financial, Inc.,ETF
MCHP,Microchip Technology,Information Technology
MCHX,Marchex,Communication
MCRI,Monarch Casino & Resort,Discretionary
MDIV,First Trust Exchange,ETF
MDLZ,Mondelez International,Staples
MDRX,Allscripts Healthcare Solutions,Healthcare
MDWD,MediWound,Healthcare
MDXG,MiMedx Group,Healthcare
MEIL,Methes Energies International Ltd,ETF
MEIP,MEI Pharma,Healthcare
MELI,MercadoLibre,Information Technology
MEOH,Methanex,Materials
MERC,Mercer International,Materials
MFLX,Multi,ETF
MGEE,MGE Energy,Utilities
MGI,MoneyGram International,Information Technology
MGIC,Magic Software Enterprises,Information Technology
MGNX,MacroGenics,Healthcare
MGPI,MGP Ingredients,Discretionary
MGRC,McGrath RentCorp,Industrial
MGYR,Magyar Bancorp,Financials
MHLD,Maiden Holdings,Financials
MICT,MICT, Inc.,Industrial
MIDD,The Middleby Corporation,Industrial
MIFI,Novatel Wireless, Inc.,ETF
MIND,MIND Technology,Energy
MITK,Mitek Systems,Information Technology
MITL,Mitel Networks Corporation,ETF
MKSI,MKS Instruments,Information Technology
MKTX,MarketAxess Holdings,Financials
MLAB,Mesa Laboratories,Healthcare
MLNK,MeridianLink,Information Technology
MLVF,Malvern Bancorp,Financials
MMLP,Martin Midstream Partners,Energy
MMSI,Merit Medical Systems,Healthcare
MMYT,MakeMyTrip,Information Technology
MNDO,MIND CTI,Information Technology
MNKD,MannKind,Healthcare
MNOV,MediciNova,Healthcare
MNRO,Monro,Discretionary
MNST,Monster Beverage,Discretionary
MNTX,Manitex International,Industrial
MOBL,MobileIron, Inc.,ETF
MOFG,MidWestOne Financial Group,Financials
MOMO,Hello Group,Information Technology
MORN,Morningstar,Financials
MPAA,Motorcar Parts of America,Industrial
MPB,Mid Penn Bancorp,Financials
MPWR,Monolithic Power Systems,Information Technology
MRCC,Monroe Capital,Financials
MRCY,Mercury Systems,Industrial
MRGE,Merge Healthcare Incorporated.,ETF
MRNS,Marinus Pharmaceuticals,Healthcare
MRTN,Marten Transport,Industrial
MRTX,Mirati Therapeutics,Healthcare
MRVL,Marvell Technology,Information Technology
MSCC,Microsemi Corporation,ETF
MSEX,Middlesex Water Company,Utilities
MSFG,MainSource Financial Group, Inc.,ETF
MSFT,Microsoft,Information Technology
MSTR,MicroStrategy,Information Technology
MTBC,CareCloud,Healthcare
MTEX,Mannatech,,Discretionary
MTGE,American Capital Mortgage Investment Corp.,ETF
MTLS,Materialise NV,Information Technology
MTRX,Matrix Service Company,Energy
MTSI,MACOM Technology Solutions Holdings,Information Technology
MU,Micron Technology,Information Technology
MVIS,MicroVision,Industrial
MYGN,Myriad Genetics,Healthcare
MYRG,MYR Group,Industrial
MZOR,Mazor Robotics Ltd.,ETF
NAII,Natural Alternatives International,Discretionary
NAME,Rightside Group, Ltd.,ETF
NATH,Nathan's Famous,Discretionary
NATI,National Instruments,Industrial
NATR,Nature's Sunshine Products,Discretionary
NAUH,National American University Holdings, Inc.,ETF
NAVI,Navient,Financials
NBIX,Neurocrine Biosciences,Healthcare
NBN,Northeast Bank,Financials
NBS,Neostem, Inc.,ETF
NBTB,NBT Bancorp,Financials
NCLH,Norwegian Cruise Line Holdings,Discretionary
NCMI,National CineMedia,Communication
NCTY,The9 Limited,Communication
NDAQ,Nasdaq,Financials
NDLS,Noodles & Company,Discretionary
NDSN,Nordson,Industrial
NECB,NorthEast Community Bancorp,Financials
NEO,NeoGenomics,Healthcare
NEOG,Neogen,Healthcare
NEON,Neonode,Industrial
NEPT,Neptune Wellness Solutions,Discretionary
NERV,Minerva Neurosciences,Healthcare
NEWP,New Pacific Metals,Industrial
NEWS,NewStar Financial, Inc.,ETF
NEWT,Newtek Business Services,Financials
NFBK,Northfield Bancorp,Financials
NFLX,Netflix,Communication
NICE,NICE Ltd.,Information Technology
NICK,Nicholas Financial,Financials
NILE,BitNile Holdings,Healthcare
NKSH,National Bankshares,Financials
NKTR,Nektar Therapeutics,Healthcare
NLST,Netlist, Inc.,ETF
NMIH,NMI Holdings,Financials
NNBR,NN, Inc.,Industrial
NRCIB,National Research Corporation,ETF
NRIM,Northrim BanCorp,Financials
NSIT,Insight Enterprises,Industrial
NSSC,Napco Security Technologies,Industrial
NSTG,NanoString Technologies,Healthcare
NSYS,Nortech Systems,Industrial
NTAP,NetApp,Information Technology
NTCT,NetScout Systems,Industrial
NTES,NetEase,Communication
NTGR,Netgear,Industrial
NTIC,Northern Technologies International,Materials
NTRS,Northern Trust,Financials
NTWK,NetSol Technologies,Information Technology
NUAN,Nuance Communications,Information Technology
NURO,NeuroMetrix,Healthcare
NUVA,NuVasive,Healthcare
NVAX,Novavax,Healthcare
NVCN,Neovasc,Healthcare
NVDA,NVIDIA,Information Technology
NVEC,NVE Corporation,Information Technology
NVEE,NV5 Global,Industrial
NVFY,Nova Lifestyle,Discretionary
NVMI,Nova Ltd.,Information Technology
NWBI,Northwest Bancshares,Financials
NWBO,Northwest Biotherapeutics, Inc.,ETF
NWFL,Norwood Financial,Financials
NWLI,National Western Life Group,Financials
NWPX,Northwest Pipe Company,Industrial
NWS,News Corporation,Communication
NWSA,News Corporation,Communication
NXPI,NXP Semiconductors NV,Information Technology
NXST,Nexstar Media Group,Communication
NYMX,Nymox Pharmaceutical,Healthcare
OCC,Optical Cable,Industrial
OCFC,OceanFirst Financial,Financials
OCLR,Oclaro, Inc.,ETF
OCUL,Ocular Therapeutix,Healthcare
ODFL,Old Dominion Freight Line,Industrial
ODP,The ODP Corporation,Discretionary
OFED,Oconee Federal Financial,Financials
OFIX,Orthofix Medical,Healthcare
OFLX,Omega Flex,Industrial
OFS,OFS Capital,Financials
OIIM,O2Micro International,Information Technology
OLED,Universal Display,Information Technology
OMAB,Grupo Aeroportuario del Centro Norte,Industrial
OMCL,Omnicell,Healthcare
OMER,Omeros,Healthcare
OMEX,Odyssey Marine Exploration,Industrial
ONB,Old National Bancorp,Financials
ONCY,Oncolytics Biotech,Healthcare
ONEQ,Fidelity Nasdaq Composite Index Tracking Stock,ETF
ONTX,Onconova Therapeutics,Healthcare
OPHC,OptimumBank Holdings,Financials
OPOF,Old Point Financial,Financials
OPTT,Ocean Power Technologies,Industrial
ORIG,Ocean Rig UDW Inc.,ETF
ORLY,O'Reilly Automotive,Discretionary
ORMP,Oramed Pharmaceuticals,Healthcare
ORRF,Orrstown Financial Services,Financials
OSBC,Old Second Bancorp,Financials
OSIS,OSI Systems,Industrial
OSTK,Overstock.com,Information Technology
OSUR,OraSure Technologies,Healthcare
OTEX,Open Text,Information Technology
OTIC,Otonomy,Healthcare
OTTR,Otter Tail,Utilities
OVBC,Ohio Valley Banc,Financials
OVLY,Oak Valley Bancorp,Financials
OXBR,Oxbridge Re Holdings,Financials
OXLC,Oxford Lane Capital Corp.,ETF
OXLCN,Oxford Lane Capital Corp.,ETF
OXLCO,Oxford Lane Capital Corp.,ETF
OXLCP,Oxford Lane Capital Corp.,ETF
PAAS,Pan American Silver,Materials
PACB,Pacific Biosciences of California,Healthcare
PACW,PacWest Bancorp,Financials
PAHC,Phibro Animal Health,Healthcare
PANL,Pangaea Logistics Solutions,Industrial
PATK,Patrick Industries,Industrial
PAYX,Paychex,Information Technology
PBHC,Pathfinder Bancorp,Financials
PBPB,Potbelly,Discretionary
PBSK,Poage Bankshares, Inc.,ETF
PCAR,PACCAR,Industrial
PCH,PotlatchDeltic,Real Estate
PCRX,Pacira Biosciences,Healthcare
PCTI,PCTEL,Industrial
PCTY,Paylocity Holding,Information Technology
PCYG,Park City Group,Information Technology
PCYO,Pure Cycle,Utilities
PDBC,PowerShares DB Optimum Yield Diversified Commodity Strategy Portfolio,ETF
PDCE,PDC Energy,Energy
PDCO,Patterson Companies,Healthcare
PDEX,Pro-Dex,Healthcare
PDFS,PDF Solutions,Information Technology
PEBK,Peoples Bancorp of North Carolina,Financials
PEBO,Peoples Bancorp,Financials
PEGA,Pegasystems,Information Technology
PENN,Penn National Gaming,Discretionary
PERF,Perfumania Holdings, Inc,ETF
PERI,Perion Network,Communication
PERY,Perry Ellis International Inc.,ETF
PESI,Perma-Fix Environmental Services,Industrial
PETS,PetMed Express,Information Technology
PFBC,Preferred Bank,Financials
PFBX,Peoples Financial Corporation,ETF
PFIE,Profire Energy,Energy
PFIN,P&F Industries,Discretionary
PFIS,Peoples Financial Services,Financials
PFLT,PennantPark Floating Rate Capital,Financials
PFMT,Performant Financial,Industrial
PFSW,PFSweb,Information Technology
PGC,Peapack-Gladstone Financial,Financials
PGTI,PGT Innovations,Industrial
PINC,Premier,Healthcare
PKBK,Parke Bancorp,Financials
PKOH,Park-Ohio Holdings,Industrial
PLAB,Photronics,Information Technology
PLAY,Dave & Buster's Entertainment,Discretionary
PLBC,Plumas Bancorp,Financials
PLCE,The Children's Place,Discretionary
PLPC,Preformed Line Products Company,Industrial
PLTM,First Trust ISE Global Platinum Index Fund,ETF
PLUG,Plug Power,Industrial
PLUS,ePlus,Industrial
PLXS,Plexus,Industrial
PMD,Psychemedics,Healthcare
PME,Pingtan Marine Enterprise,Staples
PNBK,Patriot National Bancorp,Financials
PNFP,Pinnacle Financial Partners,Financials
PNNT,PennantPark Investment,Financials
PNQI,PowerShares Nasdaq Internet Portfolio,ETF
PNRG,PrimeEnergy Resources,Energy
PODD,Insulet,Healthcare
POOL,Pool Corporation,Industrial
POWI,Power Integrations,Information Technology
POWL,Powell Industries,Industrial
PPBI,Pacific Premier Bancorp,Financials
PPC,Pilgrim's Pride,Staples
PPSI,Pioneer Power Solutions,Industrial
PRAA,PRA Group,Financials
PRFT,Perficient,Information Technology
PRFZ,PowerShares FTSE RAFI US 1500 Small,ETF
PRGS,Progress Software,Information Technology
PRIM,Primoris Services,Industrial
PRKR,ParkerVision, Inc.,ETF
PRMW,Primo Water Corporation,ETF
PROV,Provident Financial Holdings,Financials
PRPH,ProPhase Labs,Healthcare
PRQR,ProQR Therapeutics,Healthcare
PRSS,CafePress Inc.,ETF
PRTA,Prothena,Healthcare
PRTK,Paratek Pharmaceuticals,Healthcare
PRTS,CarParts.com,Information Technology
PSCC,PowerShares S&P SmallCap Consumer Staples Portfolio,ETF
PSCD,PowerShares S&P SmallCap Consumer Discretionary Portfolio,ETF
PSCE,PowerShares S&P SmallCap Energy Portfolio,ETF
PSCF,PowerShares S&P SmallCap Financials Portfolio,ETF
PSCH,PowerShares S&P SmallCap Health Care Portfolio,ETF
PSCI,PowerShares S&P SmallCap Industrials Portfolio,ETF
PSCM,PowerShares S&P SmallCap Materials Portfolio,ETF
PSCT,PowerShares S&P SmallCap Information Technology Portfolio,ETF
PSCU,PowerShares S&P SmallCap Utilities Portfolio,ETF
PSEC,Prospect Capital,Financials
PSIX,Power Solutions International, Inc.,ETF
PSMT,PriceSmart,Staples
PTC,PTC Inc.,Information Technology
PTCT,PTC Therapeutics,Healthcare
PTEN,Patterson-UTI Energy,Energy
PTNR,Partner Communications Company,Information Technology
PTSI,P.A.M. Transportation Services,Industrial
PWOD,Penns Woods Bancorp,Financials
PXLW,Pixelworks,Information Technology
PZZA,Papa John's International,Discretionary
QABA,First Trust NASDAQ ABA Community Bank Index Fund,ETF
QAT,iShares MSCI Qatar Capped ETF,ETF
QBAK,Qualstar Corporation,ETF
QCCO,QC Holdings, Inc.,ETF
QCLN,First Trust NASDAQ Clean Edge Green Energy Index Fund,ETF
QCOM,Qualcomm,Information Technology
QCRH,QCR Holdings,Financials
QDEL,Quidel,Healthcare
QGEN,Qiagen,Healthcare
QIWI,Qiwi PLC,Information Technology
QKLS,QKL Stores, Inc.,ETF
QLYS,Qualys,Information Technology
QNST,QuinStreet,Information Technology
QQEW,First Trust NASDAQ,ETF
QQQ,PowerShares QQQ Trust, Series 1,ETF
QQQX,Nuveen NASDAQ 100 Dynamic Overwrite Fund,ETF
QQXT,First Trust NASDAQ,ETF
QRHC,Quest Resource Holding,Industrial
QRVO,Qorvo,Information Technology
QTEC,First Trust NASDAQ,ETF
QTNT,Quotient,Healthcare
QUIK,QuickLogic,Information Technology
QUMU,Qumu Corporation,Information Technology
QURE,uniQure,Healthcare
QYLD,Recon Capital NASDAQ,ETF
RADA,RADA Electronic Industries,Industrial
RAIL,FreightCar America,Industrial
RAND,Rand Capital,Financials
RARE,Ultragenyx Pharmaceutical,Healthcare
RAVE,Rave Restaurant Group,Discretionary
RBCAA,Republic Bancorp,Financials
RBCN,Rubicon Technology,Information Technology
RCII,Rent-A-Center,Discretionary
RCKY,Rocky Brands,Discretionary
RCMT,RCM Technologies,Services
RCON,Recon Technology,Energy
RDCM,RADCOM,Industrial
RDHL,RedHill Biopharma,Healthcare
RDI,Reading International,Communication
RDIB,Reading International,Communication
RDNT,RadNet,Healthcare
RDVY,First Trust NASDAQ Rising Dividend Achievers ETF,ETF
RDWR,Radware,Industrial
REFR,Research Frontiers,Industrial
REGI,Renewable Energy Group,Energy
REGN,Regeneron Pharmaceuticals,Healthcare
REIS,Reis, Inc,ETF
RELL,Richardson Electronics,Industrial
RELV,Reliv' International, Inc.,ETF
RENT,Rent The Runway,Discretionary
RFIL,RF Industries,Industrial
RGCO,RGC Resources,Utilities
RGEN,Repligen,Healthcare
RGLD,Royal Gold,Materials
RGLS,Regulus Therapeutics,Healthcare
RIBT,RiceBran Technologies,Staples
RICK,RCI Hospitality Holdings,Discretionary
RIGL,Rigel Pharmaceuticals,Healthcare
RITT,RIT Technologies Ltd.,ETF
RLJE,RLJ Entertainment, Inc.,ETF
RMBS,Rambus,Information Technology
RMCF,Rocky Mountain Chocolate Factory,Staples
RMGN,RMG Networks Holding Corporation,ETF
RMTI,Rockwell Medical,Healthcare
RNA,Avidity Biosciences,Healthcare
RNST,Renasant,Financials
RNWK,RealNetworks,Information Technology
ROBO,Robo,ETF
ROCK,Gibraltar Industries,Industrial
ROIC,Retail Opportunity Investments,Real Estate
ROLL,RBC Bearings,Industrial
ROSE,Rose Hill Acquisition,SPAC
ROST,Ross Stores,Discretionary
ROYL,Royale Energy, Inc.,ETF
RPRX,Royalty Pharma,Healthcare
RRGB,Red Robin Gourmet Burgers,Discretionary
RSYS,RadiSys Corporation,ETF
RTGN,Ruthigen, Inc.,ETF
RUSHA,Rush Enterprises,Industrial
RUSHB,Rush Enterprises,Discretionary
RUTH,Ruth's Hospitality Group,Discretionary
RVNC,Revance Therapeutics,Healthcare
RVSB,Riverview Bancorp,Financials
RWLK,ReWalk Robotics,Healthcare
RXDX,Prometheus Biosciences,Healthcare
RYAAY,Ryanair Holdings,Industrial
SABR,Sabre,Information Technology
SAFT,Safety Insurance Group,Financials
SAGE,Sage Therapeutics,Healthcare
SAIA,Saia, Inc.,Industrial
SAL,Salisbury Bancorp,Financials
SALM,Salem Media Group,Communication
SAMG,Silvercrest Asset Management Group,Financials
SANM,Sanmina,Industrial
SANW,S&W Seed Company,Staples
SASR,Sandy Spring Bancorp,Financials
SATS,EchoStar,Industrial
SAVE,Spirit Airlines,Industrial
SBAC,SBA Communications,Real Estate
SBCF,Seacoast Banking Corporation of Florida,Financials
SBFG,SB Financial Group,Financials
SBGI,Sinclair Broadcast Group,Communication
SBLK,Star Bulk Carriers,Industrial
SBNY,Signature Bank,Financials
SBRA,Sabra Health Care REIT,Real Estate
SBSI,Southside Bancshares,Financials
SBUX,Starbucks,Discretionary
SCHL,Scholastic,Communication
SCHN,Schnitzer Steel Industries,Materials
SCOR,Comscore,Communication
SCSC,ScanSource,Industrial
SCTY,SolarCity Corporation,ETF
SCVL,Shoe Carnival,Discretionary
SCYX,SCYNEXIS,Healthcare
SEAC,SeaChange International,Information Technology
SEED,Origin Agritech,Staples
SEIC,SEI Investments Company,Financials
SEMI,SunEdison Semiconductor Limited,ETF
SENEA,Seneca Foods,Staples
SENEB,Seneca Foods,Staples
SEV,Sono Group,Industrial
SFBC,Sound Financial Bancorp,Financials
SFBS,ServisFirst Bancshares,Financials
SFM,Sprouts Farmers Market,Staples
SFNC,Simmons First National,Financials
SFST,Southern First Bancshares,Financials
SGC,Superior Group of Companies,Discretionary
SGEN,Seagen,Healthcare
SGMA,SigmaTron International,Industrial
SGMO,Sangamo Therapeutics,Healthcare
SGRP,SPAR Group,Communication
SHBI,Shore Bancshares,Financials
SHEN,Shenandoah Telecommunications Company,Information Technology
SHIP,Seanergy Maritime Holdings,Industrial
SHLD,Sears Holdings Corporation,ETF
SHLM,A. Schulman, Inc.,ETF
SHOO,Steven Madden,Discretionary
SHPG,Shire plc,ETF
SIEB,Siebert Financial,Financials
SIEN,Sientra,Healthcare
SIFI,SI Financial Group, Inc.,ETF
SIFY,Sify Technologies,Communication
SIGA,SIGA Technologies,Healthcare
SIGI,Selective Insurance Group,Financials
SILC,Silicom,Industrial
SIMO,Silicon Motion Technology,Information Technology
SIRI,Sirius XM Holdings,Communication
SIVB,SVB Financial Group,Financials
SIXD,6D Global Technologies, Inc.,ETF
SKOR,FlexShares Credit,ETF
SKYS,Sky Solar Holdings, Ltd.,ETF
SKYW,SkyWest,Industrial
SKYY,First Trust ISE Cloud Computing Index Fund,ETF
SLAB,Silicon Laboratories,Information Technology
SLGN,Silgan Holdings,Materials
SLM,SLM Corporation,Financials
SLMBP,SLM Corporation,ETF
SLP,Simulations Plus,Healthcare
SLRC,SLR Investment,Financials
SLVO,Credit Suisse AG,ETF
SMBC,Southern Missouri Bancorp,Financials
SMCI,Super Micro Computer,Information Technology
SMIT,Schmitt Industries,Industrial
SMLR,Semler Scientific,Healthcare
SMMF,Summit Financial Group,Financials
SMPL,The Simply Good Foods Company,Staples
SMRT,SmartRent,Information Technology
SMSI,Smith Micro Software,Information Technology
SMTC,Semtech,Information Technology
SNCR,Synchronoss Technologies,Information Technology
SNFCA,Security National Financial,Financials
SNMX,Senomyx, Inc.,ETF
SNPS,Synopsys,Information Technology
SOCL,Global X Social Media Index ETF,ETF
SODA,SodaStream International Ltd.,ETF
SOFO,Sonic Foundry, Inc.,ETF
SOHO,Sotherly Hotels,Real Estate
SOHU,Sohu.com,Information Technology
SONC,Sonic Corp.,ETF
SOXX,iShares PHLX SOX Semiconductor Sector Index Fund,ETF
SP,SP Plus,Industrial
SPCB,SuperCom,Industrial
SPDC,Speed Commerce, Inc.,ETF
SPIL,Siliconware Precision Industries Company, Ltd.,ETF
SPLK,Splunk,Information Technology
SPNS,Sapiens International,Information Technology
SPOK,Spok Holdings,Information Technology
SPPI,Spectrum Pharmaceuticals,Healthcare
SPRO,Spero Therapeutics,Healthcare
SPSC,SPS Commerce,Information Technology
SPTN,SpartanNash Company,Staples
SPWH,Sportsman's Warehouse Holdings,Discretionary
SPWR,SunPower,Information Technology
SQQQ,ProShares UltraPro Short QQQ,ETF
SRCE,1st Source,Financials
SRCL,Stericycle,Industrial
SRDX,SurModics,Healthcare
SRNE,Sorrento Therapeutics,Healthcare
SRPT,Sarepta Therapeutics,Healthcare
SSB,South State,Financials
SSBI,Summit State Bank,Financials
SSNC,SS&C Technologies Holdings,Information Technology
SSYS,Stratasys,Information Technology
STAA,STAAR Surgical Company,Healthcare
STBA,S&T Bancorp,Financials
STBZ,State Bank Financial Corporation.,ETF
STEM,Stem, Inc.,Information Technology
STKL,SunOpta,Staples
STLD,Steel Dynamics,Materials
STLY,Stanley Furniture Company, Inc.,ETF
STPP,Barclays PLC,ETF
STRA,Strategic Education,Discretionary
STRL,Sterling Construction Company,Industrial
STRM,Streamline Health Solutions,Healthcare
STRN,Stran & Company,Communication
STRS,Stratus Properties,Real Estate
STRT,STRATTEC Security,Industrial
STX,Seagate Technology Holdings,Information Technology
STXS,Stereotaxis,Healthcare
SUPN,Supernus Pharmaceuticals,Healthcare
SURG,SurgePays,Information Technology
SVA,Sinovac Biotech, Ltd.,ETF
SVVC,Firsthand Technology Value Fund,Financials
SWIR,Sierra Wireless,Industrial
SWKS,Skyworks Solutions,Information Technology
SWSH,Swisher Hygiene, Inc.,ETF
SYBT,Stock Yards Bancorp,Financials
SYNA,Synaptics,Information Technology
SYNT,Syntel, Inc.,ETF
SYPR,Sypris Solutions,Industrial
TACT,TransAct Technologies,Information Technology
TAIT,Taitron Components,Industrial
TAPR,Barclays PLC,ETF
TAST,Carrols Restaurant Group,Discretionary
TATT,TAT Technologies,Industrial
TAYD,Taylor Devices,Industrial
TBBK,The Bancorp,Financials
TBK,Triumph Bancorp,Financials
TBNK,Territorial Bancorp,Financials
TBPH,Theravance Biopharma,Healthcare
TCBI,Texas Capital Bancshares,Financials
TCBK,TriCo Bancshares,Financials
TCCO,Technical Communications Corporation,ETF
TCFC,The Community Financial Corporation,Financials
TCPC,Blackrock TCP Capital,Financials
TCX,Tucows,Information Technology
TDIV,First Trust Exchange,ETF
TECH,Bio-Techne,Healthcare
TEDU,Tarena International,Discretionary
TENX,Tenax Therapeutics,Healthcare
TESS,TESSCO Technologies,Industrial
TFSL,TFS Financial,Financials
TGA,TransGlobe Energy,Energy
TGEN,Tecogen Inc.,ETF
TGLS,Tecnoglass,Materials
TGTX,TG Therapeutics,Healthcare
THFF,First Financial,Financials
THRM,Gentherm,Industrial
THRX,Theseus Pharmaceuticals,Healthcare
THST,Truett,ETF
TIGR,UP Fintech Holding,Financials
TILE,Interface,Industrial
TINY,Harris & Harris Group, Inc.,ETF
TIPT,Tiptree,Financials
TITN,Titan Machinery,Industrial
TLF,Tandy Leather Factory, Inc.,ETF
TLOG,TetraLogic Pharmaceuticals Corporation,ETF
TNDM,Tandem Diabetes Care,Healthcare
TNXP,Tonix Pharmaceuticals Holding,Healthcare
TOPS,Top Ships,Energy
TORM,TOR Minerals International Inc,ETF
TOUR,Tuniu,Discretionary
TOWN,TowneBank,Financials
TQQQ,ProShares UltraPro QQQ,ETF
TREE,LendingTree,Financials
TRIB,Trinity Biotech,Healthcare
TRIP,TripAdvisor,Information Technology
TRMB,Trimble,Industrial
TRMK,Trustmark,Financials
TRNS,Transcat,Industrial
TRNX,Tornier N.V.,ETF
TROW,T. Rowe Price Group,Financials
TRS,TriMas,Industrial
TRST,TrustCo Bank Corp NY,Financials
TRTL,TortoiseEcofin Acquisition III,SPAC
TRUE,TrueCar,Information Technology
TRVN,Trevena,Healthcare
TSBK,Timberland Bancorp,Financials
TSCO,Tractor Supply Company,Discretionary
TSEM,Tower Semiconductor,Information Technology
TSLA,Tesla,Discretionary
TSRI,TSR, Inc.,Information Technology
TSRO,TESARO, Inc.,ETF
TTEC,TTEC Holdings,Information Technology
TTEK,Tetra Tech,Industrial
TTGT,TechTarget,Communication
TTMI,TTM Technologies,Industrial
TTOO,T2 Biosystems,Healthcare
TTWO,Take-Two Interactive Software,Communication
TUSA,First Trust Total US Market AlphaDEX ETF,ETF
TVIX,Credit Suisse AG,ETF
TWER,Towerstream Corporation,ETF
TWIN,Twin Disc,,Industrial
TWOU,2U, Inc.,Information Technology
TXN,Texas Instruments,Information Technology
TXRH,Texas Roadhouse,Discretionary
TZOO,Travelzoo,Information Technology
UAE,iShares MSCI UAE Capped ETF,ETF
UBCP,United Bancorp,Financials
UBFO,United Security Bancshares,Financials
UBOH,United Bancshares,Financials
UBSI,United Bankshares,Financials
UCBA,United Community Bancorp,ETF
UCBI,United Community Banks,Financials
UCTT,Ultra Clean Holdings,Information Technology
UEIC,Universal Electronics,Discretionary
UG,United-Guardian,Discretionary
ULBI,Ultralife,Industrial
ULTA,Ulta Beauty,Discretionary
ULTR,Ultrapetrol (Bahamas) Limited,ETF
UMBF,UMB Financial,Financials
UMPQ,Umpqua Holdings,Financials
UNAM,Unico American,Financials
UNB,Union Bankshares,Financials
UNFI,United Natural Foods,Staples
UNTY,Unity Bancorp,Financials
UPLD,Upland Software,Information Technology
USAP,Universal Stainless & Alloy Products,Materials
USEG,U.S. Energy,Energy
USLM,United States Lime & Minerals,Materials
USLV,Credit Suisse AG,ETF
UTHR,United Therapeutics,Healthcare
UTMD,Utah Medical Products,Healthcare
UTSI,UTStarcom Holdings,Industrial
UVSP,Univest Financial,Financials
VALU,Value Line,Financials
VALX,Validea Market Legends ETF,ETF
VBFC,Village Bank & Trust Financial,Financials
VBIV,VBI Vaccines,Healthcare
VBLT,Vascular Biogenics,Healthcare
VBND,Vident Core U.S. Bond Strategy Fund,ETF
VBTX,Veritex Holdings,Financials
VCEL,Vericel,Healthcare
VCIT,Vanguard Intermediate,ETF
VCLT,Vanguard Long,ETF
VCSH,Vanguard Short,ETF
VCYT,Veracyte,Healthcare
VECO,Veeco Instruments,Information Technology
VGIT,Vanguard Intermediate,ETF
VGLT,Vanguard Long,ETF
VGSH,Vanguard Short,ETF
VIA,Via Renewables,Utilities
VICR,Vicor,Industrial
VIDE,Video Display Corporation,ETF
VIDI,Vident International Equity Fund,ETF
VIEW,View, Inc.,Industrial
VIIX,Credit Suisse AG,ETF
VIIZ,Credit Suisse AG,ETF
VIMC,Vimicro International Corporation,ETF
VIP,VimpelCom Ltd.,ETF
VIRC,Virco Manufacturing,Industrial
VIVO,Meridian Bioscience,Healthcare
VLGEA,Village Super Market,Staples
VNDA,Vanda Pharmaceuticals,Healthcare
VNOM,Viper Energy Partners LP,Energy
VNQI,Vanguard Global ex,ETF
VOD,Vodafone Group,Information Technology
VONE,Vanguard Russell 1000 ETF,ETF
VONG,Vanguard Russell 1000 Growth ETF,ETF
VONV,Vanguard Russell 1000 Value ETF,ETF
VOXX,VOXX International,Discretionary
VRA,Vera Bradley,Discretionary
VRNS,Varonis Systems,Information Technology
VRNT,Verint Systems,Information Technology
VRSK,Verisk Analytics,Services
VRSN,VeriSign,Information Technology
VRTB,Vestin Realty Mortgage II, Inc.,ETF
VRTS,Virtus Investment Partners,Financials
VRTX,Vertex Pharmaceuticals,Healthcare
VSAT,ViaSat,Industrial
VSEC,VSE Corporation,Industrial
VSTM,Verastem,Healthcare
VTHR,Vanguard Russell 3000 ETF,ETF
VTIP,Vanguard Short,ETF
VTNR,Vertex Energy,Energy
VTWG,Vanguard Russell 2000 Growth ETF,ETF
VTWO,Vanguard Russell 2000 ETF,ETF
VTWV,Vanguard Russell 2000 Value ETF,ETF
VUSE,Vident Core US Equity ETF,ETF
VWOB,Vanguard Emerging Markets Government Bond ETF,ETF
VXUS,Vanguard Total International Stock ETF,ETF
WABC,Westamerica Bancorporation,Financials
WAFD,Washington Federal,Financials
WASH,Washington Trust Bancorp,Financials
WATT,Energous,Industrial
WAYN,Wayne Savings Bancshares Inc.,ETF
WB,Weibo,Information Technology
WBA,Walgreens Boots Alliance,Staples
WDC,Western Digital,Information Technology
WDFC,WD-40 Company,Discretionary
WEN,The Wendy's Company,Discretionary
WERN,Werner Enterprises,Industrial
WETF,WisdomTree Investments,Financials
WEYS,Weyco Group,Industrial
WHF,WhiteHorse Finance,Financials
WHLM,Wilhelmina International,Industrial
WHLR,Wheeler Real Estate Investment Trust,Real Estate
WHLRP,Wheeler Real Estate Investment Trust, Inc.,ETF
WILC,G. Willi-Food International,Staples
WINA,Winmark,Discretionary
WIRE,Encore Wire,Industrial
WIX,Wix.com,Information Technology
WLDN,Willdan Group,Services
WLFC,Willis Lease Finance,Industrial
WOOD,iShares S&P Global Timber & Forestry Index Fund,ETF
WOOF,Petco Health And Wellness Company,Discretionary
WPRT,Westport Fuel Systems,Industrial
WRLD,World Acceptance,Financials
WSBC,WesBanco,Financials
WSBF,Waterstone Financial,Financials
WSCI,WSI Industries Inc.,ETF
WSFS,WSFS Financial,Financials
WSTL,Westell Technologies, Inc.,ETF
WTBA,West Bancorporation,Financials
WTFC,Wintrust Financial,Financials
WVFC,WVS Financial,Financials
WVVI,Willamette Valley Vineyards,Discretionary
WWD,Woodward,Industrial
WYNN,Wynn Resorts,Discretionary
XCRA,Xcerra Corporation,ETF
XENE,Xenon Pharmaceuticals,Healthcare
XNCR,Xencor,Healthcare
XNET,Xunlei,Information Technology
XOMA,XOMA Corporation,Healthcare
XONE,The ExOne Company,ETF
XPLR,Xplore Technologies Corp,ETF
XRAY,Dentsply Sirona,Healthcare
XTLB,XTL Biopharmaceuticals,Healthcare
YDIV,First Trust International Multi,ETF
YNDX,Yandex,Information Technology
YORW,The York Water Company,Utilities
YY,JOYY Inc.,Information Technology
Z,Zillow Group,Information Technology
ZAZA,ZaZa Energy Corporation,ETF
ZBRA,Zebra Technologies,Industrial
ZEUS,Olympic Steel,Materials
ZION,Zions Bancorporation NA,Financials
ZIV,Credit Suisse AG,ETF
ZUMZ,Zumiez,Discretionary
